<?xml version="1.0" encoding="UTF-8"?>
<project-private xmlns="http://www.netbeans.org/ns/project-private/1">
    <editor-bookmarks xmlns="http://www.netbeans.org/ns/editor-bookmarks/2" lastBookmarkId="0"/>
    <open-files xmlns="http://www.netbeans.org/ns/projectui-open-files/2">
        <group>
            <file>file:/C:/Users/LENOVO/Downloads/finalproject-pbo-main/finalproject-pbo-main/src/toko/Login.java</file>
            <file>file:/C:/Users/LENOVO/Downloads/finalproject-pbo-main/finalproject-pbo-main/src/toko/Connector.java</file>
            <file>file:/C:/Users/LENOVO/Downloads/finalproject-pbo-main/finalproject-pbo-main/src/toko/HomePenjual.java</file>
            <file>file:/C:/Users/LENOVO/Downloads/finalproject-pbo-main/finalproject-pbo-main/src/toko/RegisterPembeli.java</file>
            <file>file:/C:/Users/LENOVO/Downloads/finalproject-pbo-main/finalproject-pbo-main/src/toko/EditBarang.java</file>
            <file>file:/C:/Users/LENOVO/Downloads/finalproject-pbo-main/finalproject-pbo-main/src/toko/EditJumlah.java</file>
        </group>
    </open-files>
</project-private>
